,unix,date,volume,high,low,delta_high,delta_low,rfc3339
5,1411344000,2014-09-22,18776342.0,316.4691162109375,309.1708984375,,,2014-09-22T00:00:00Z
12,1411948800,2014-09-29,25610923.0,303.2679748535156,293.33331298828125,-13.201141357421875,-15.83758544921875,2014-09-29T00:00:00Z
19,1412553600,2014-10-06,62494503.0,274.5696105957031,241.699951171875,-28.6983642578125,-51.63336181640625,2014-10-06T00:00:00Z
26,1413158400,2014-10-13,27689780.0,311.9167785644531,290.8823547363281,37.34716796875,49.182403564453125,2014-10-13T00:00:00Z
33,1413763200,2014-10-20,12832356.0,305.9002685546875,296.2964172363281,-6.016510009765625,5.4140625,2014-10-20T00:00:00Z
40,1414368000,2014-10-27,10260589.0,282.0764465332031,275.61376953125,-23.823822021484375,-20.682647705078125,2014-10-27T00:00:00Z
47,1414972800,2014-11-03,10366264.0,267.6083679199219,260.19744873046875,-14.46807861328125,-15.41632080078125,2014-11-03T00:00:00Z
54,1415577600,2014-11-10,24507123.0,301.78424072265625,286.6220397949219,34.175872802734375,26.424591064453125,2014-11-10T00:00:00Z
61,1416182400,2014-11-17,33353792.0,328.34307861328125,303.19012451171875,26.558837890625,16.568084716796875,2014-11-17T00:00:00Z
68,1416787200,2014-11-24,24877423.0,311.2362365722656,295.7962341308594,-17.106842041015625,-7.393890380859375,2014-11-24T00:00:00Z
75,1417392000,2014-12-01,9434552.0,308.23651123046875,302.73992919921875,-2.999725341796875,6.943695068359375,2014-12-01T00:00:00Z
82,1417996800,2014-12-08,15347328.0,305.96337890625,293.8817443847656,-2.27313232421875,-8.858184814453125,2014-12-08T00:00:00Z
89,1418601600,2014-12-15,13879090.0,282.35552978515625,277.2112731933594,-23.60784912109375,-16.67047119140625,2014-12-15T00:00:00Z
96,1419206400,2014-12-22,18259635.0,272.6817932128906,261.8065185546875,-9.673736572265625,-15.404754638671875,2014-12-22T00:00:00Z
103,1419811200,2014-12-29,10123015.0,262.9018249511719,257.0216369628906,-9.77996826171875,-4.784881591796875,2014-12-29T00:00:00Z
110,1420416000,2015-01-05,36829019.0,232.7460479736328,221.62362670898438,-30.155776977539062,-35.39801025390625,2015-01-05T00:00:00Z
117,1421020800,2015-01-12,15958330.0,229.94003295898438,224.8029327392578,-2.8060150146484375,3.1793060302734375,2015-01-12T00:00:00Z
124,1421625600,2015-01-19,16093065.0,186.68963623046875,179.12388610839844,-43.250396728515625,-45.679046630859375,2015-01-19T00:00:00Z
131,1422230400,2015-01-26,94936439.0,275.3016662597656,227.38409423828125,88.61203002929688,48.26020812988281,2015-01-26T00:00:00Z
138,1422835200,2015-02-02,26999559.0,213.53936767578125,196.9387969970703,-61.762298583984375,-30.445297241210938,2015-02-02T00:00:00Z
145,1423440000,2015-02-09,24544114.0,197.54542541503906,191.8993682861328,-15.993942260742188,-5.0394287109375,2015-02-09T00:00:00Z
152,1424044800,2015-02-16,24844423.0,210.0508575439453,200.755615234375,12.50543212890625,8.856246948242188,2015-02-16T00:00:00Z
159,1424649600,2015-02-23,14472291.0,211.7923583984375,205.7005157470703,1.7415008544921875,4.9449005126953125,2015-02-23T00:00:00Z
166,1425254400,2015-03-02,36210917.0,247.182861328125,231.23533630371094,35.3905029296875,25.534820556640625,2015-03-02T00:00:00Z
173,1425859200,2015-03-09,54622669.0,269.72076416015625,252.62220764160156,22.53790283203125,21.386871337890625,2015-03-09T00:00:00Z
180,1426464000,2015-03-16,20355818.0,278.1463928222656,272.3922424316406,8.425628662109375,19.770034790039062,2015-03-16T00:00:00Z
187,1427068800,2015-03-23,20846112.0,254.40090942382812,238.90562438964844,-23.7454833984375,-33.48661804199219,2015-03-23T00:00:00Z
194,1427673600,2015-03-30,21250092.0,230.54481506347656,219.96690368652344,-23.856094360351562,-18.938720703125,2015-03-30T00:00:00Z
201,1428278400,2015-04-06,18324522.0,238.4534149169922,231.85336303710938,7.908599853515625,11.886459350585938,2015-04-06T00:00:00Z
208,1428883200,2015-04-13,29497493.0,223.67129516601562,210.084228515625,-14.782119750976562,-21.769134521484375,2015-04-13T00:00:00Z
215,1429488000,2015-04-20,17088211.0,210.8729248046875,205.40113830566406,-12.798370361328125,-4.6830902099609375,2015-04-20T00:00:00Z
222,1430092800,2015-04-27,35470345.0,214.35592651367188,201.38832092285156,3.483001708984375,-4.0128173828125,2015-04-27T00:00:00Z
229,1430697600,2015-05-04,19039562.0,217.3007354736328,213.2633819580078,2.9448089599609375,11.87506103515625,2015-05-04T00:00:00Z
236,1431302400,2015-05-11,18745895.0,218.86032104492188,214.8411407470703,1.5595855712890625,1.5777587890625,2015-05-11T00:00:00Z
243,1431907200,2015-05-18,14822277.0,207.51466369628906,205.4804229736328,-11.345657348632812,-9.3607177734375,2015-05-18T00:00:00Z
250,1432512000,2015-05-25,13150894.0,219.07015991210938,215.5949249267578,11.555496215820312,10.114501953125,2015-05-25T00:00:00Z
257,1433116800,2015-06-01,23890212.0,212.4053497314453,202.6334686279297,-6.6648101806640625,-12.961456298828125,2015-06-01T00:00:00Z
264,1433721600,2015-06-08,20729207.0,203.3173828125,200.71969604492188,-9.087966918945312,-1.9137725830078125,2015-06-08T00:00:00Z
271,1434326400,2015-06-15,17663532.0,211.01588439941406,207.94833374023438,7.6985015869140625,7.2286376953125,2015-06-15T00:00:00Z
278,1434931200,2015-06-22,15597725.0,218.6024169921875,215.02955627441406,7.5865325927734375,7.0812225341796875,2015-06-22T00:00:00Z
285,1435536000,2015-06-29,30978957.0,229.3525390625,225.7569580078125,10.7501220703125,10.727401733398438,2015-06-29T00:00:00Z
292,1436140800,2015-07-06,44500091.0,250.26792907714844,242.3913116455078,20.915390014648438,16.634353637695312,2015-07-06T00:00:00Z
299,1436745600,2015-07-13,56510245.0,279.22772216796875,253.7803497314453,28.959793090820312,11.3890380859375,2015-07-13T00:00:00Z
306,1437350400,2015-07-20,20968886.0,257.5763854980469,252.08717346191406,-21.651336669921875,-1.69317626953125,2015-07-20T00:00:00Z
313,1437955200,2015-07-27,27590188.0,267.999267578125,259.5251159667969,10.422882080078125,7.4379425048828125,2015-07-27T00:00:00Z
320,1438560000,2015-08-03,19611050.0,260.7279357910156,255.1051483154297,-7.271331787109375,-4.4199676513671875,2015-08-03T00:00:00Z
327,1439164800,2015-08-10,19049669.0,243.509033203125,239.72613525390625,-17.218902587890625,-15.379013061523438,2015-08-10T00:00:00Z
334,1439769600,2015-08-17,19523074.0,234.8161163330078,231.3867950439453,-8.692916870117188,-8.339340209960938,2015-08-17T00:00:00Z
341,1440374400,2015-08-24,51140501.0,200.561767578125,181.6669464111328,-34.25434875488281,-49.7198486328125,2015-08-24T00:00:00Z
348,1440979200,2015-08-31,18452156.0,206.64230346679688,201.45799255371094,6.080535888671875,19.791046142578125,2015-08-31T00:00:00Z
355,1441584000,2015-09-07,18992830.0,216.96029663085938,214.15806579589844,10.3179931640625,12.7000732421875,2015-09-07T00:00:00Z
362,1442188800,2015-09-14,18570620.0,205.8448486328125,200.9883575439453,-11.115447998046875,-13.169708251953125,2015-09-14T00:00:00Z
369,1442793600,2015-09-21,17590775.0,204.7799072265625,202.50401306152344,-1.06494140625,1.515655517578125,2015-09-21T00:00:00Z
376,1443398400,2015-09-28,22012114.0,213.14364624023438,207.43017578125,8.363739013671875,4.9261627197265625,2015-09-28T00:00:00Z
383,1444003200,2015-10-05,20844931.0,214.72352600097656,210.52935791015625,1.5798797607421875,3.09918212890625,2015-10-05T00:00:00Z
390,1444608000,2015-10-12,15318738.0,217.599365234375,215.56092834472656,2.8758392333984375,5.0315704345703125,2015-10-12T00:00:00Z
397,1445212800,2015-10-19,22301607.0,233.15725708007812,229.5083465576172,15.557891845703125,13.947418212890625,2015-10-19T00:00:00Z
404,1445817600,2015-10-26,29039342.0,258.0265808105469,254.2233123779297,24.86932373046875,24.7149658203125,2015-10-26T00:00:00Z
411,1446422400,2015-11-02,92543358.0,331.7232360839844,293.2132873535156,73.6966552734375,38.98997497558594,2015-11-02T00:00:00Z
418,1447027200,2015-11-09,63411469.0,357.36761474609375,337.73382568359375,25.644378662109375,44.520538330078125,2015-11-09T00:00:00Z
425,1447632000,2015-11-16,44904165.0,310.3949890136719,294.6875,-46.972625732421875,-43.04632568359375,2015-11-16T00:00:00Z
432,1448236800,2015-11-23,25838176.0,305.38983154296875,302.5044860839844,-5.005157470703125,7.816986083984375,2015-11-23T00:00:00Z
439,1448841600,2015-11-30,67847843.0,361.98333740234375,350.1446228027344,56.593505859375,47.64013671875,2015-11-30T00:00:00Z
446,1449446400,2015-12-07,58587203.0,370.1017761230469,354.2706298828125,8.118438720703125,4.126007080078125,2015-12-07T00:00:00Z
453,1450051200,2015-12-14,118751479.0,405.6445617675781,392.000732421875,35.54278564453125,37.7301025390625,2015-12-14T00:00:00Z
460,1450656000,2015-12-21,71157269.0,409.36029052734375,393.2198486328125,3.715728759765625,1.2191162109375,2015-12-21T00:00:00Z
467,1451260800,2015-12-28,45237036.0,391.7318420410156,381.44287109375,-17.628448486328125,-11.7769775390625,2015-12-28T00:00:00Z
474,1451865600,2016-01-04,35554888.0,401.6239929199219,395.7974548339844,9.89215087890625,14.354583740234375,2016-01-04T00:00:00Z
481,1452470400,2016-01-11,37263934.0,412.6941223144531,406.49786376953125,11.07012939453125,10.700408935546875,2016-01-11T00:00:00Z
488,1453075200,2016-01-18,49957668.0,356.28753662109375,345.84979248046875,-56.406585693359375,-60.6480712890625,2016-01-18T00:00:00Z
495,1453680000,2016-01-25,54435392.0,372.584716796875,358.9081726074219,16.29718017578125,13.058380126953125,2016-01-25T00:00:00Z
502,1454284800,2016-02-01,47413217.0,348.1646423339844,339.6317138671875,-24.420074462890625,-19.276458740234375,2016-02-01T00:00:00Z
509,1454889600,2016-02-08,42612944.0,341.0963439941406,333.7511291503906,-7.06829833984375,-5.880584716796875,2016-02-08T00:00:00Z
516,1455494400,2016-02-15,66282323.0,365.4327697753906,356.53369140625,24.33642578125,22.782562255859375,2016-02-15T00:00:00Z
523,1456099200,2016-02-22,77453919.0,394.86016845703125,389.55908203125,29.427398681640625,33.025390625,2016-02-22T00:00:00Z
530,1456704000,2016-02-29,55770192.0,405.6477355957031,395.28704833984375,10.787567138671875,5.72796630859375,2016-02-29T00:00:00Z
537,1457308800,2016-03-07,77895005.0,377.6943359375,369.77520751953125,-27.953399658203125,-25.5118408203125,2016-03-07T00:00:00Z
544,1457913600,2016-03-14,85834745.0,373.33929443359375,371.18109130859375,-4.35504150390625,1.4058837890625,2016-03-14T00:00:00Z
551,1458518400,2016-03-21,54882856.0,366.6678466796875,364.10345458984375,-6.67144775390625,-7.07763671875,2016-03-21T00:00:00Z
558,1459123200,2016-03-28,61202930.0,382.38555908203125,378.2103271484375,15.71771240234375,14.10687255859375,2016-03-28T00:00:00Z
565,1459728000,2016-04-04,44478479.0,371.192626953125,368.685546875,-11.19293212890625,-9.5247802734375,2016-04-04T00:00:00Z
572,1460332800,2016-04-11,44491934.0,370.4986877441406,369.60186767578125,-0.693939208984375,0.91632080078125,2016-04-11T00:00:00Z
579,1460937600,2016-04-18,49235783.0,380.49456787109375,377.1844787597656,9.995880126953125,7.582611083984375,2016-04-18T00:00:00Z
586,1461542400,2016-04-25,77318714.0,414.2578125,403.1212463378906,33.76324462890625,25.936767578125,2016-04-25T00:00:00Z
593,1462147200,2016-05-02,79964413.0,394.6315002441406,383.8526306152344,-19.626312255859375,-19.26861572265625,2016-05-02T00:00:00Z
600,1462752000,2016-05-09,48759424.0,405.8274841308594,400.29022216796875,11.19598388671875,16.437591552734375,2016-05-09T00:00:00Z
607,1463356800,2016-05-16,52299364.0,405.1998596191406,400.2341613769531,-0.62762451171875,-0.056060791015625,2016-05-16T00:00:00Z
614,1463961600,2016-05-23,45118633.0,396.34735107421875,390.75958251953125,-8.852508544921875,-9.474578857421875,2016-05-23T00:00:00Z
621,1464566400,2016-05-30,78922121.0,488.7313537597656,471.09539794921875,92.38400268554688,80.3358154296875,2016-05-30T00:00:00Z
628,1465171200,2016-06-06,63502549.0,516.2587890625,506.212646484375,27.527435302734375,35.11724853515625,2016-06-06T00:00:00Z
635,1465776000,2016-06-13,215591500.0,633.68798828125,590.7076416015625,117.42919921875,84.4949951171875,2016-06-13T00:00:00Z
642,1466380800,2016-06-20,154175288.0,673.79541015625,647.5713500976562,40.107421875,56.86370849609375,2016-06-20T00:00:00Z
649,1466985600,2016-06-27,110909916.0,595.055419921875,562.9867553710938,-78.739990234375,-84.5845947265625,2016-06-27T00:00:00Z
656,1467590400,2016-07-04,82570582.0,613.5349731445312,584.51611328125,18.47955322265625,21.52935791015625,2016-07-04T00:00:00Z
663,1468195200,2016-07-11,97611940.0,597.0033569335938,583.7979736328125,-16.5316162109375,-0.7181396484375,2016-07-11T00:00:00Z
670,1468800000,2016-07-18,62773360.0,616.178466796875,603.88818359375,19.17510986328125,20.0902099609375,2016-07-18T00:00:00Z
677,1469404800,2016-07-25,71153632.0,603.5823364257812,595.1858520507812,-12.59613037109375,-8.70233154296875,2016-07-25T00:00:00Z
684,1470009600,2016-08-01,109168831.0,560.7872924804688,543.0040893554688,-42.7950439453125,-52.1817626953125,2016-08-01T00:00:00Z
691,1470614400,2016-08-08,55209401.0,535.1931762695312,530.5368041992188,-25.5941162109375,-12.46728515625,2016-08-08T00:00:00Z
698,1471219200,2016-08-15,51218515.0,513.50048828125,503.027587890625,-21.69268798828125,-27.50921630859375,2016-08-15T00:00:00Z
705,1471824000,2016-08-22,64378259.0,519.9222412109375,514.34619140625,6.4217529296875,11.318603515625,2016-08-22T00:00:00Z
712,1472428800,2016-08-29,98675366.0,514.7637329101562,512.7548217773438,-5.15850830078125,-1.59136962890625,2016-08-29T00:00:00Z
719,1473033600,2016-09-05,73956584.0,545.8460083007812,539.7401123046875,31.082275390625,26.98529052734375,2016-09-05T00:00:00Z
726,1473638400,2016-09-12,64785394.0,541.0447998046875,539.48583984375,-4.80120849609375,-0.2542724609375,2016-09-12T00:00:00Z
733,1474243200,2016-09-19,49030422.0,547.3810424804688,544.313232421875,6.33624267578125,4.827392578125,2016-09-19T00:00:00Z
740,1474848000,2016-09-26,52590505.0,540.6676635742188,534.6415405273438,-6.71337890625,-9.67169189453125,2016-09-26T00:00:00Z
747,1475452800,2016-10-03,41758098.0,546.4478149414062,543.7383422851562,5.7801513671875,9.0968017578125,2016-10-03T00:00:00Z
754,1476057600,2016-10-10,60575497.0,555.1447143554688,550.6676025390625,8.6968994140625,6.92926025390625,2016-10-10T00:00:00Z
761,1476662400,2016-10-17,52741938.0,585.7450561523438,580.655517578125,30.600341796875,29.9879150390625,2016-10-17T00:00:00Z
768,1477267200,2016-10-24,57233189.0,604.036376953125,599.48095703125,18.29132080078125,18.825439453125,2016-10-24T00:00:00Z
775,1477872000,2016-10-31,88497812.0,648.22607421875,630.5214233398438,44.189697265625,31.04046630859375,2016-10-31T00:00:00Z
782,1478476800,2016-11-07,58871482.0,640.2450561523438,632.9381713867188,-7.98101806640625,2.416748046875,2016-11-07T00:00:00Z
789,1479081600,2016-11-14,58636321.0,657.8038330078125,647.5506591796875,17.55877685546875,14.61248779296875,2016-11-14T00:00:00Z
796,1479686400,2016-11-21,57171979.0,700.3984985351562,689.0953979492188,42.59466552734375,41.54473876953125,2016-11-21T00:00:00Z
803,1480291200,2016-11-28,58297476.0,697.4822387695312,690.4364013671875,-2.916259765625,1.34100341796875,2016-11-28T00:00:00Z
810,1480896000,2016-12-05,98887133.0,730.9970703125,702.7325439453125,33.51483154296875,12.296142578125,2016-12-05T00:00:00Z
817,1481500800,2016-12-12,71951701.0,735.0963745117188,730.5189208984375,4.09930419921875,27.786376953125,2016-12-12T00:00:00Z
824,1482105600,2016-12-19,71992309.0,760.163818359375,755.2752075195312,25.06744384765625,24.75628662109375,2016-12-19T00:00:00Z
831,1482710400,2016-12-26,118463821.0,873.7766723632812,858.029296875,113.61285400390625,102.75408935546875,2016-12-26T00:00:00Z
838,1483315200,2017-01-02,212535864.0,980.8749389648438,947.7056274414062,107.0982666015625,89.67633056640625,2017-01-02T00:00:00Z
845,1483920000,2017-01-09,134061223.0,868.4402465820312,834.7315063476562,-112.4346923828125,-112.97412109375,2017-01-09T00:00:00Z
852,1484524800,2017-01-16,78056216.0,787.1439819335938,771.729248046875,-81.2962646484375,-63.00225830078125,2017-01-16T00:00:00Z
859,1485129600,2017-01-23,68409966.0,864.226806640625,853.2557373046875,77.08282470703125,81.5264892578125,2017-01-23T00:00:00Z
866,1485734400,2017-01-30,73082302.0,863.7109985351562,857.3983764648438,-0.51580810546875,4.14263916015625,2017-01-30T00:00:00Z
873,1486339200,2017-02-06,104051764.0,972.6629638671875,953.6777954101562,108.95196533203125,96.2794189453125,2017-02-06T00:00:00Z
880,1486944000,2017-02-13,94930176.0,940.8505859375,919.0225830078125,-31.8123779296875,-34.65521240234375,2017-02-13T00:00:00Z
887,1487548800,2017-02-20,103212973.0,1018.5614624023438,981.8927001953125,77.71087646484375,62.8701171875,2017-02-20T00:00:00Z
894,1488153600,2017-02-27,124322026.0,1113.080322265625,1101.581298828125,94.51885986328125,119.6885986328125,2017-02-27T00:00:00Z
901,1488758400,2017-03-06,145274645.0,1203.4329833984375,1192.56884765625,90.3526611328125,90.987548828125,2017-03-06T00:00:00Z
908,1489363200,2017-03-13,357101129.0,1160.4332275390625,1137.8365478515625,-42.999755859375,-54.7322998046875,2017-03-13T00:00:00Z
915,1489968000,2017-03-20,266911955.0,989.3253173828125,964.08447265625,-171.10791015625,-173.7520751953125,2017-03-20T00:00:00Z
922,1490572800,2017-03-27,343034077.0,962.82666015625,894.3540649414062,-26.4986572265625,-69.73040771484375,2017-03-27T00:00:00Z
929,1491177600,2017-04-03,544098268.0,1079.7225341796875,1033.498779296875,116.8958740234375,139.14471435546875,2017-04-03T00:00:00Z
936,1491782400,2017-04-10,203778561.0,1125.2977294921875,1113.77294921875,45.5751953125,80.274169921875,2017-04-10T00:00:00Z
943,1492387200,2017-04-17,237908484.0,1123.0263671875,1101.4935302734375,-2.2713623046875,-12.2794189453125,2017-04-17T00:00:00Z
950,1492992000,2017-04-24,217072632.0,1150.924560546875,1112.6103515625,27.898193359375,11.1168212890625,2017-04-24T00:00:00Z
957,1493596800,2017-05-01,654220755.0,1315.2864990234375,1236.6322021484375,164.3619384765625,124.0218505859375,2017-05-01T00:00:00Z
964,1494201600,2017-05-08,1226949835.0,1577.5814208984375,1455.9810791015625,262.294921875,219.348876953125,2017-05-08T00:00:00Z
971,1494806400,2017-05-15,666237727.0,1659.4654541015625,1555.7640380859375,81.884033203125,99.782958984375,2017-05-15T00:00:00Z
978,1495411200,2017-05-22,1728415086.0,2063.317138671875,1803.1185302734375,403.8516845703125,247.3544921875,2017-05-22T00:00:00Z
985,1496016000,2017-05-29,893884267.0,2067.06396484375,1887.4686279296875,3.746826171875,84.35009765625,2017-05-29T00:00:00Z
992,1496620800,2017-06-05,1216407526.0,2386.79052734375,2226.556640625,319.7265625,339.0880126953125,2017-06-05T00:00:00Z
999,1497225600,2017-06-12,2295042972.0,2675.408447265625,2249.71875,288.617919921875,23.162109375,2017-06-12T00:00:00Z
1006,1497830400,2017-06-19,1298546099.0,2382.863525390625,2275.513427734375,-292.544921875,25.794677734375,2017-06-19T00:00:00Z
1013,1498435200,2017-06-26,1487595027.0,2336.713623046875,2126.24365234375,-46.14990234375,-149.269775390625,2017-06-26T00:00:00Z
1020,1499040000,2017-07-03,847794583.0,2282.723388671875,2174.515625,-53.990234375,48.27197265625,2017-07-03T00:00:00Z
1027,1499644800,2017-07-10,975164546.0,2228.51123046875,2036.79345703125,-54.212158203125,-137.72216796875,2017-07-10T00:00:00Z
1034,1500249600,2017-07-17,1047467968.0,1943.443359375,1684.640869140625,-285.06787109375,-352.152587890625,2017-07-17T00:00:00Z
1041,1500854400,2017-07-24,744521382.0,2386.782470703125,2312.5341796875,443.339111328125,627.893310546875,2017-07-24T00:00:00Z
1048,1501459200,2017-07-31,728190029.0,2440.5576171875,2318.767578125,53.775146484375,6.2333984375,2017-07-31T00:00:00Z
1055,1502064000,2017-08-07,1256275901.0,2882.81005859375,2698.871337890625,442.25244140625,380.103759765625,2017-08-07T00:00:00Z
1062,1502668800,2017-08-14,2091973773.0,3673.458251953125,3373.496826171875,790.648193359375,674.62548828125,2017-08-14T00:00:00Z
1069,1503273600,2017-08-21,2371625836.0,3496.247802734375,3376.1640625,-177.21044921875,2.667236328125,2017-08-21T00:00:00Z
1076,1503878400,2017-08-28,1637961919.0,3676.37548828125,3542.97216796875,180.127685546875,166.80810546875,2017-08-28T00:00:00Z
1083,1504483200,2017-09-04,2512050158.0,3864.68310546875,3452.43701171875,188.3076171875,-90.53515625,2017-09-04T00:00:00Z
1090,1505088000,2017-09-11,1302551061.0,3547.253173828125,3413.0380859375,-317.429931640625,-39.39892578125,2017-09-11T00:00:00Z
1097,1505692800,2017-09-18,1624757512.0,3412.15380859375,3008.116943359375,-135.099365234375,-404.921142578125,2017-09-18T00:00:00Z
1104,1506297600,2017-09-25,1159181820.0,3338.05126953125,3087.02001953125,-74.1025390625,78.903076171875,2017-09-25T00:00:00Z
1111,1506902400,2017-10-02,1220467179.0,3810.61279296875,3727.718505859375,472.5615234375,640.698486328125,2017-10-02T00:00:00Z
1118,1507507200,2017-10-09,1676950569.0,4152.44677734375,3892.086669921875,341.833984375,164.3681640625,2017-10-09T00:00:00Z
1125,1508112000,2017-10-16,1702619990.0,4893.451171875,4704.46337890625,741.00439453125,812.376708984375,2017-10-16T00:00:00Z
1132,1508716800,2017-10-23,2043423624.0,5163.24462890625,4879.94384765625,269.79345703125,175.48046875,2017-10-23T00:00:00Z
1139,1509321600,2017-10-30,1521289395.0,5340.71533203125,5201.7998046875,177.470703125,321.85595703125,2017-10-30T00:00:00Z
1146,1509926400,2017-11-06,2680361674.0,6427.6328125,6037.1416015625,1086.91748046875,835.341796875,2017-11-06T00:00:00Z
1153,1510531200,2017-11-13,5370187705.0,5835.9951171875,5016.55810546875,-591.6376953125,-1020.58349609375,2017-11-13T00:00:00Z
1160,1511136000,2017-11-20,2972435283.0,7106.08642578125,6774.060546875,1270.09130859375,1757.50244140625,2017-11-20T00:00:00Z
1167,1511740800,2017-11-27,4749092903.0,8247.94140625,7842.95166015625,1141.85498046875,1068.89111328125,2017-11-27T00:00:00Z
1174,1512345600,2017-12-04,5167615957.0,9823.20703125,9341.4814453125,1575.265625,1498.52978515625,2017-12-04T00:00:00Z
1181,1512950400,2017-12-11,10321783467.0,14866.2255859375,13090.4140625,5043.0185546875,3748.9326171875,2017-12-11T00:00:00Z
1188,1513555200,2017-12-18,12593991153.0,16432.8125,15618.0556640625,1566.5869140625,2527.6416015625,2017-12-18T00:00:00Z
1195,1514160000,2017-12-25,8983826050.0,12289.876953125,11343.5390625,-4142.935546875,-4274.5166015625,2017-12-25T00:00:00Z
1202,1514764800,2018-01-01,8569572820.0,11758.20703125,10961.3369140625,-531.669921875,-382.2021484375,2018-01-01T00:00:00Z
1209,1515369600,2018-01-08,15384660186.0,13732.3759765625,11880.759765625,1974.1689453125,919.4228515625,2018-01-08T00:00:00Z
1216,1515974400,2018-01-15,10396086320.0,11788.3955078125,11186.3056640625,-1943.98046875,-694.4541015625,2018-01-15T00:00:00Z
1223,1516579200,2018-01-22,8597748303.0,9777.26953125,8351.84765625,-2011.1259765625,-2834.4580078125,2018-01-22T00:00:00Z
1230,1517184000,2018-01-29,5741001409.0,9558.595703125,9021.3046875,-218.673828125,669.45703125,2018-01-29T00:00:00Z
1237,1517788800,2018-02-05,7509332781.0,6717.12841796875,5450.25439453125,-2841.46728515625,-3571.05029296875,2018-02-05T00:00:00Z
1244,1518393600,2018-02-12,5086950002.0,7302.6572265625,6644.4384765625,585.52880859375,1194.18408203125,2018-02-12T00:00:00Z
1251,1518998400,2018-02-19,6172035696.0,9088.109375,8465.416015625,1785.4521484375,1820.9775390625,2018-02-19T00:00:00Z
1258,1519603200,2018-02-26,5918695882.0,8500.365234375,7713.06982421875,-587.744140625,-752.34619140625,2018-02-26T00:00:00Z
1265,1520208000,2018-03-05,5243628327.0,9495.4560546875,9285.865234375,995.0908203125,1572.79541015625,2018-03-05T00:00:00Z
1272,1520812800,2018-03-12,5233749237.0,8072.705078125,7259.22314453125,-1422.7509765625,-2026.64208984375,2018-03-12T00:00:00Z
1279,1521417600,2018-03-19,5454855720.0,7047.25048828125,6656.68701171875,-1025.45458984375,-602.5361328125,2018-03-19T00:00:00Z
1286,1522022400,2018-03-26,4753564444.0,6896.337890625,6364.1279296875,-150.91259765625,-292.55908203125,2018-03-26T00:00:00Z
1293,1522627200,2018-04-02,3525128122.0,5784.265625,5534.2861328125,-1112.072265625,-829.841796875,2018-04-02T00:00:00Z
1300,1523232000,2018-04-09,3973096308.0,5844.89013671875,5407.8984375,60.62451171875,-126.3876953125,2018-04-09T00:00:00Z
1307,1523836800,2018-04-16,4547613522.0,6784.85205078125,6397.9091796875,939.9619140625,990.0107421875,2018-04-16T00:00:00Z
1314,1524441600,2018-04-23,5672665583.0,7322.06787109375,7163.427734375,537.2158203125,765.5185546875,2018-04-23T00:00:00Z
1321,1525046400,2018-04-30,7180991804.0,7816.84228515625,7571.49560546875,494.7744140625,408.06787109375,2018-04-30T00:00:00Z
1328,1525651200,2018-05-07,6196279092.0,8081.81396484375,7743.27294921875,264.9716796875,171.77734375,2018-05-07T00:00:00Z
1335,1526256000,2018-05-14,6172799464.0,7446.2314453125,6999.556640625,-635.58251953125,-743.71630859375,2018-05-14T00:00:00Z
1342,1526860800,2018-05-21,4373453873.0,7301.0146484375,7110.17431640625,-145.216796875,110.61767578125,2018-05-21T00:00:00Z
1349,1527465600,2018-05-28,4336373076.0,6332.94921875,6109.869140625,-968.0654296875,-1000.30517578125,2018-05-28T00:00:00Z
1356,1528070400,2018-06-04,4268396239.0,6639.68115234375,6391.892578125,306.73193359375,282.0234375,2018-06-04T00:00:00Z
1363,1528675200,2018-06-11,4031322538.0,5868.51806640625,5679.73388671875,-771.1630859375,-712.15869140625,2018-06-11T00:00:00Z
1370,1529280000,2018-06-18,3473385502.0,5841.78173828125,5549.828125,-26.736328125,-129.90576171875,2018-06-18T00:00:00Z
1377,1529884800,2018-06-25,4701949090.0,5409.8583984375,5237.21044921875,-431.92333984375,-312.61767578125,2018-06-25T00:00:00Z
1384,1530489600,2018-07-02,3777431313.0,5765.9248046875,5416.33740234375,356.06640625,179.126953125,2018-07-02T00:00:00Z
1391,1531094400,2018-07-09,3162750868.0,5822.13525390625,5721.3818359375,56.21044921875,305.04443359375,2018-07-09T00:00:00Z
1398,1531699200,2018-07-16,4036730107.0,5758.73388671875,5443.111328125,-63.4013671875,-278.2705078125,2018-07-16T00:00:00Z
1405,1532304000,2018-07-23,4389736572.0,6646.2841796875,6313.13916015625,887.55029296875,870.02783203125,2018-07-23T00:00:00Z
1412,1532908800,2018-07-30,4743164730.0,7066.06591796875,6760.16064453125,419.78173828125,447.021484375,2018-07-30T00:00:00Z
1419,1533513600,2018-08-06,3396694930.0,6198.365234375,5963.25390625,-867.70068359375,-796.90673828125,2018-08-06T00:00:00Z
1426,1534118400,2018-08-13,3582752873.0,5740.80078125,5463.55419921875,-457.564453125,-499.69970703125,2018-08-13T00:00:00Z
1433,1534723200,2018-08-20,3189539640.0,5718.08935546875,5482.65869140625,-22.71142578125,19.1044921875,2018-08-20T00:00:00Z
1440,1535328000,2018-08-27,3440335559.0,5893.37451171875,5756.07470703125,175.28515625,273.416015625,2018-08-27T00:00:00Z
1447,1535932800,2018-09-03,3520289356.0,6300.421875,6210.7099609375,407.04736328125,454.63525390625,2018-09-03T00:00:00Z
1454,1536537600,2018-09-10,3204020014.0,5519.46337890625,5444.97705078125,-780.95849609375,-765.73291015625,2018-09-10T00:00:00Z
1461,1537142400,2018-09-17,3351714090.0,5623.568359375,5356.08984375,104.10498046875,-88.88720703125,2018-09-17T00:00:00Z
1468,1537747200,2018-09-24,3554447900.0,5719.046875,5600.08251953125,95.478515625,243.99267578125,2018-09-24T00:00:00Z
1475,1538352000,2018-10-01,3455517677.0,5739.14306640625,5647.73046875,20.09619140625,47.64794921875,2018-10-01T00:00:00Z
1482,1538956800,2018-10-08,3462659600.0,5807.1083984375,5725.99462890625,67.96533203125,78.26416015625,2018-10-08T00:00:00Z
1489,1539561600,2018-10-15,6362854095.0,6023.1884765625,5416.7373046875,216.080078125,-309.25732421875,2018-10-15T00:00:00Z
1496,1540166400,2018-10-22,3201088479.0,5703.26220703125,5632.8232421875,-319.92626953125,216.0859375,2018-10-22T00:00:00Z
1503,1540771200,2018-10-29,3691968685.0,5707.16259765625,5545.82470703125,3.900390625,-86.99853515625,2018-10-29T00:00:00Z
1510,1541376000,2018-11-05,3659057732.0,5690.45703125,5583.8349609375,-16.70556640625,38.01025390625,2018-11-05T00:00:00Z
1517,1541980800,2018-11-12,3826779310.0,5679.33544921875,5668.6669921875,-11.12158203125,84.83203125,2018-11-12T00:00:00Z
1524,1542585600,2018-11-19,6146211678.0,4925.34912109375,4228.88720703125,-753.986328125,-1439.77978515625,2018-11-19T00:00:00Z
1531,1543190400,2018-11-26,5715449728.0,3617.831787109375,3211.142578125,-1307.517333984375,-1017.74462890625,2018-11-26T00:00:00Z
1538,1543795200,2018-12-03,4482008546.0,3664.173095703125,3382.031494140625,46.34130859375,170.888916015625,2018-12-03T00:00:00Z
1545,1544400000,2018-12-10,4420967997.0,3196.638916015625,3056.5205078125,-467.5341796875,-325.510986328125,2018-12-10T00:00:00Z
1552,1545004800,2018-12-17,4766099159.0,3170.844970703125,2876.710693359375,-25.7939453125,-179.809814453125,2018-12-17T00:00:00Z
1559,1545609600,2018-12-24,6350365580.0,3750.7021484375,3517.24365234375,579.857177734375,640.532958984375,2018-12-24T00:00:00Z
1566,1546214400,2018-12-31,4056771164.0,3366.611083984375,3242.27978515625,-384.091064453125,-274.9638671875,2018-12-31T00:00:00Z
1573,1546819200,2019-01-07,4554786508.0,3586.8115234375,3515.712890625,220.200439453125,273.43310546875,2019-01-07T00:00:00Z
1580,1547424000,2019-01-14,4926029291.0,3249.573486328125,3098.569580078125,-337.238037109375,-417.143310546875,2019-01-14T00:00:00Z
1587,1548028800,2019-01-21,4401553439.0,3172.1025390625,3130.11767578125,-77.470947265625,31.548095703125,2019-01-21T00:00:00Z
1594,1548633600,2019-01-28,6044747641.0,3142.06201171875,3008.073486328125,-30.04052734375,-122.044189453125,2019-01-28T00:00:00Z
1601,1549238400,2019-02-04,4663004052.0,3036.474609375,3006.6142578125,-105.58740234375,-1.459228515625,2019-02-04T00:00:00Z
1608,1549843200,2019-02-11,5565257065.0,3263.954345703125,3229.37255859375,227.479736328125,222.75830078125,2019-02-11T00:00:00Z
1615,1550448000,2019-02-18,8759299472.0,3480.3857421875,3248.778564453125,216.431396484375,19.406005859375,2019-02-18T00:00:00Z
1622,1551052800,2019-02-25,8199608659.0,3446.43798828125,3357.589599609375,-33.94775390625,108.81103515625,2019-02-25T00:00:00Z
1629,1551657600,2019-03-04,7964031008.0,3401.70654296875,3293.70849609375,-44.7314453125,-63.881103515625,2019-03-04T00:00:00Z
1636,1552262400,2019-03-11,8993208390.0,3531.014404296875,3464.798583984375,129.307861328125,171.090087890625,2019-03-11T00:00:00Z
1643,1552867200,2019-03-18,8509713345.0,3594.7978515625,3533.960693359375,63.783447265625,69.162109375,2019-03-18T00:00:00Z
1650,1553472000,2019-03-25,9155769653.0,3573.08984375,3478.057373046875,-21.7080078125,-55.9033203125,2019-03-25T00:00:00Z
1657,1554076800,2019-04-01,9065049147.0,3711.0234375,3650.339111328125,137.93359375,172.28173828125,2019-04-01T00:00:00Z
1664,1554681600,2019-04-08,15239302854.0,4739.82275390625,4577.84130859375,1028.79931640625,927.502197265625,2019-04-08T00:00:00Z
1671,1555286400,2019-04-15,10872080100.0,4595.40087890625,4444.6083984375,-144.421875,-133.23291015625,2019-04-15T00:00:00Z
1678,1555891200,2019-04-22,12968847994.0,4816.10546875,4699.21923828125,220.70458984375,254.61083984375,2019-04-22T00:00:00Z
1685,1556496000,2019-04-29,12278635854.0,4758.27001953125,4664.009765625,-57.83544921875,-35.20947265625,2019-04-29T00:00:00Z
1692,1557100800,2019-05-06,14048573270.0,5178.90185546875,5053.33935546875,420.6318359375,389.32958984375,2019-05-06T00:00:00Z
1699,1557705600,2019-05-13,25533251460.0,7169.19091796875,6140.2646484375,1990.2890625,1086.92529296875,2019-05-13T00:00:00Z
1706,1558310400,2019-05-20,21346880688.0,7345.33642578125,6881.7470703125,176.1455078125,741.482421875,2019-05-20T00:00:00Z
1713,1558915200,2019-05-27,24969715870.0,7958.8720703125,7730.7509765625,613.53564453125,849.00390625,2019-05-27T00:00:00Z
1720,1559520000,2019-06-03,19565949474.0,7825.91357421875,7296.10546875,-132.95849609375,-434.6455078125,2019-06-03T00:00:00Z
1727,1560124800,2019-06-10,16513525776.0,7107.662109375,6701.43505859375,-718.25146484375,-594.67041015625,2019-06-10T00:00:00Z
1734,1560729600,2019-06-17,13863928895.0,8390.8193359375,8012.591796875,1283.1572265625,1311.15673828125,2019-06-17T00:00:00Z
1741,1561334400,2019-06-24,16906808632.0,9713.69921875,9324.58203125,1322.8798828125,1311.990234375,2019-06-24T00:00:00Z
1748,1561939200,2019-07-01,26028695677.0,9870.4638671875,8938.224609375,156.7646484375,-386.357421875,2019-07-01T00:00:00Z
1755,1562544000,2019-07-08,20935727857.0,11008.81640625,10146.7001953125,1138.3525390625,1208.4755859375,2019-07-08T00:00:00Z
1762,1563148800,2019-07-15,22540500855.0,9811.1650390625,8868.9853515625,-1197.6513671875,-1277.71484375,2019-07-15T00:00:00Z
1769,1563753600,2019-07-22,14576423508.0,9493.1533203125,9058.4033203125,-318.01171875,189.41796875,2019-07-22T00:00:00Z
1776,1564358400,2019-07-29,12377173980.0,8700.2578125,8520.017578125,-792.8955078125,-538.3857421875,2019-07-29T00:00:00Z
1783,1564963200,2019-08-05,21235471599.0,10613.419921875,9867.40234375,1913.162109375,1347.384765625,2019-08-05T00:00:00Z
1790,1565568000,2019-08-12,12167350642.0,10285.912109375,10119.5263671875,-327.5078125,252.1240234375,2019-08-12T00:00:00Z
1797,1566172800,2019-08-19,14471326152.0,9849.5556640625,9301.2001953125,-436.3564453125,-818.326171875,2019-08-19T00:00:00Z
1804,1566777600,2019-08-26,16609760859.0,9435.2451171875,9087.9287109375,-414.310546875,-213.271484375,2019-08-26T00:00:00Z
1811,1567382400,2019-09-02,15730631502.0,9477.7509765625,8869.8388671875,42.505859375,-218.08984375,2019-09-02T00:00:00Z
1818,1567987200,2019-09-09,15928586966.0,9482.8740234375,9195.49609375,5.123046875,325.6572265625,2019-09-09T00:00:00Z
1825,1568592000,2019-09-16,13776332504.0,9375.892578125,9257.708984375,-106.9814453125,62.212890625,2019-09-16T00:00:00Z
1832,1569196800,2019-09-23,13776581397.0,9138.341796875,8824.1435546875,-237.55078125,-433.5654296875,2019-09-23T00:00:00Z
1839,1569801600,2019-09-30,15702454866.0,7626.7021484375,7154.353515625,-1511.6396484375,-1669.7900390625,2019-09-30T00:00:00Z
1846,1570406400,2019-10-07,16413971354.0,7567.12060546875,7201.98681640625,-59.58154296875,47.63330078125,2019-10-07T00:00:00Z
1853,1571011200,2019-10-14,13741475462.0,7607.93115234375,7512.48095703125,40.810546875,310.494140625,2019-10-14T00:00:00Z
1860,1571616000,2019-10-21,14229761008.0,7445.89306640625,7348.23486328125,-162.0380859375,-164.24609375,2019-10-21T00:00:00Z
1867,1572220800,2019-10-28,27885244605.0,8850.3740234375,8340.048828125,1404.48095703125,991.81396484375,2019-10-28T00:00:00Z
1874,1572825600,2019-11-04,23517560013.0,8541.1826171875,8229.0908203125,-309.19140625,-110.9580078125,2019-11-04T00:00:00Z
1881,1573430400,2019-11-11,18363916828.0,8241.0791015625,7888.7724609375,-300.103515625,-340.318359375,2019-11-11T00:00:00Z
1888,1574035200,2019-11-18,19489736313.0,7822.41796875,7467.759765625,-418.6611328125,-421.0126953125,2019-11-18T00:00:00Z
1895,1574640000,2019-11-25,38766044068.0,6647.70361328125,6002.068359375,-1174.71435546875,-1465.69140625,2019-11-25T00:00:00Z
1902,1575244800,2019-12-02,15423272061.0,6784.3251953125,6564.7294921875,136.62158203125,562.6611328125,2019-12-02T00:00:00Z
1909,1575849600,2019-12-09,16152911546.0,6879.57861328125,6657.58349609375,95.25341796875,92.85400390625,2019-12-09T00:00:00Z
1916,1576454400,2019-12-16,18149976615.0,6432.98291015625,6194.7021484375,-446.595703125,-462.88134765625,2019-12-16T00:00:00Z
1923,1577059200,2019-12-23,25091080546.0,6906.50634765625,6606.181640625,473.5234375,411.4794921875,2019-12-23T00:00:00Z
1930,1577664000,2019-12-30,20420606561.0,6653.482421875,6490.38671875,-253.02392578125,-115.794921875,2019-12-30T00:00:00Z
1937,1578268800,2020-01-06,10395550855.125092,6950.459716796875,6568.896484375,296.977294921875,78.509765625,2020-01-06T00:00:00Z
1944,1578873600,2020-01-13,10095186627.076626,7363.264052734376,7255.189912109376,412.8043359375006,686.2934277343757,2020-01-13T00:00:00Z
1951,1579478400,2020-01-20,11905869666.60698,7892.6108203125,7486.685986328125,529.3467675781249,231.49607421874953,2020-01-20T00:00:00Z
1958,1580083200,2020-01-27,12998471975.020897,8143.188623046875,7778.79900390625,250.57780273437493,292.1130175781245,2020-01-27T00:00:00Z
1965,1580688000,2020-02-03,13981531079.488358,8627.87744140625,8348.27041015625,484.68881835937464,569.4714062500007,2020-02-03T00:00:00Z
1972,1581292800,2020-02-10,18049830940.75365,9287.5624609375,8903.013671875,659.6850195312509,554.7432617187496,2020-02-10T00:00:00Z
1979,1581897600,2020-02-17,21223108927.314808,9180.9664453125,8749.473515624999,-106.59601562500029,-153.54015625000102,2020-02-17T00:00:00Z
1986,1582502400,2020-02-24,20777105032.26765,9207.61298828125,8759.005429687499,26.64654296874869,9.531914062499709,2020-02-24T00:00:00Z
1993,1583107200,2020-03-02,19229552809.293633,8042.534052734375,7707.2138671875,-1165.0789355468742,-1051.7915624999987,2020-03-02T00:00:00Z
2000,1583712000,2020-03-09,20591260113.139786,7206.211904296875,6687.218046874999,-836.3221484374999,-1019.9958203125007,2020-03-09T00:00:00Z
2007,1584316800,2020-03-16,20325397711.289505,4861.476455078126,4049.923564453125,-2344.7354492187496,-2637.2944824218744,2020-03-16T00:00:00Z
2014,1584921600,2020-03-23,21595681055.138027,6087.966552734375,5400.061904296876,1226.4900976562494,1350.1383398437506,2020-03-23T00:00:00Z
2021,1585526400,2020-03-30,16820664517.146254,5997.086552734375,5332.69759765625,-90.88000000000011,-67.36430664062573,2020-03-30T00:00:00Z
2028,1586131200,2020-04-06,21709327571.965492,6789.1588769531245,6297.015869140625,792.0723242187496,964.3182714843751,2020-04-06T00:00:00Z
2035,1586736000,2020-04-13,17680170581.9494,6409.646240234375,6100.415185546875,-379.5126367187495,-196.60068359374964,2020-04-13T00:00:00Z
2042,1587340800,2020-04-20,17371410605.981033,6675.3046875,6289.023349609375,265.658447265625,188.60816406249978,2020-04-20T00:00:00Z
2049,1587945600,2020-04-27,16704126412.577795,7232.10228515625,7101.417333984375,556.7975976562502,812.3939843749995,2020-04-27T00:00:00Z
2056,1588550400,2020-05-04,20964034069.09406,8220.339628906251,7854.477197265625,988.237343750001,753.0598632812507,2020-05-04T00:00:00Z
2063,1589155200,2020-05-11,26424275112.27153,8433.291132812501,7703.2006640625,212.95150390624985,-151.27653320312493,2020-05-11T00:00:00Z
2070,1589760000,2020-05-18,19161870317.174686,9178.52916015625,8842.1287109375,745.2380273437484,1138.9280468750003,2020-05-18T00:00:00Z
2077,1590364800,2020-05-25,14351048706.719414,8289.827890625,8036.307607421875,-888.7012695312496,-805.8211035156255,2020-05-25T00:00:00Z
2084,1590969600,2020-06-01,15819160567.085012,9178.47826171875,8502.8929296875,888.6503710937504,466.5853222656242,2020-06-01T00:00:00Z
2091,1591574400,2020-06-08,9503658107.121977,8700.84130859375,8596.91943359375,-477.6369531250002,94.02650390625058,2020-06-08T00:00:00Z
2098,1592179200,2020-06-15,11774997082.2145,8423.099726562501,7972.409912109375,-277.741582031249,-624.509521484375,2020-06-15T00:00:00Z
2105,1592784000,2020-06-22,9355861215.963573,8627.7540625,8329.595000000001,204.65433593749913,357.18508789062616,2020-06-22T00:00:00Z
2112,1593388800,2020-06-29,7317865457.757352,8233.93798828125,8038.079560546876,-393.81607421875015,-291.5154394531255,2020-06-29T00:00:00Z
2119,1593993600,2020-07-06,7906821861.9051695,8294.337890625,8065.074599609376,60.39990234375,26.995039062499927,2020-07-06T00:00:00Z
2126,1594598400,2020-07-13,7720521028.757379,8242.74466796875,8143.088623046875,-51.59322265625087,78.01402343749942,2020-07-13T00:00:00Z
2133,1595203200,2020-07-20,6002780643.904692,8090.7748828125,8007.95458984375,-151.9697851562487,-135.134033203125,2020-07-20T00:00:00Z
2140,1595808000,2020-07-27,15024587698.342299,9648.56591796875,8503.1003515625,1557.7910351562496,495.1457617187498,2020-07-27T00:00:00Z
2147,1596412800,2020-08-03,8619532666.235645,9784.2654296875,9335.0953125,135.69951171875073,831.9949609374999,2020-08-03T00:00:00Z
2154,1597017600,2020-08-10,11123306436.206043,10243.5803125,9886.9619140625,459.3148828124995,551.8666015625004,2020-08-10T00:00:00Z
2161,1597622400,2020-08-17,11885564249.08745,10480.85830078125,9960.85466796875,237.27798828125015,73.89275390624971,2020-08-17T00:00:00Z
2168,1598227200,2020-08-24,8767440994.846886,10009.26708984375,9864.557402343751,-471.59121093750036,-96.29726562499854,2020-08-24T00:00:00Z
2175,1598832000,2020-08-31,9334461132.468157,9890.268613281249,9757.211542968751,-118.99847656250131,-107.34585937500015,2020-08-31T00:00:00Z
2182,1599436800,2020-09-07,14258095997.88999,8826.724296875,8393.31361328125,-1063.544316406249,-1363.8979296875004,2020-09-07T00:00:00Z
2189,1600041600,2020-09-14,14936948795.827877,9101.47736328125,8686.990351562501,274.7530664062506,293.67673828125044,2020-09-14T00:00:00Z
2196,1600646400,2020-09-21,12275503882.613873,9283.78126953125,8825.61451171875,182.30390624999927,138.62416015624876,2020-09-21T00:00:00Z
2203,1601251200,2020-09-28,20451571022.032845,9402.048828125,9163.0966796875,118.26755859375044,337.4821679687502,2020-09-28T00:00:00Z
2210,1601856000,2020-10-05,20161400054.674057,9169.0284765625,9073.31697265625,-233.02035156249985,-89.77970703124993,2020-10-05T00:00:00Z
2217,1602460800,2020-10-12,11074281019.307945,9917.28193359375,9526.900937499999,748.2534570312491,453.5839648437486,2020-10-12T00:00:00Z
2224,1603065600,2020-10-19,10137606257.964981,10024.88623046875,9755.683984375,107.60429687500073,228.78304687500167,2020-10-19T00:00:00Z
2231,1603670400,2020-10-26,12474143792.240713,11216.26091796875,10853.343867187501,1191.3746874999997,1097.6598828125007,2020-10-26T00:00:00Z
2238,1604275200,2020-11-02,13217417470.459593,11882.11083984375,11367.59064453125,665.8499218750003,514.2467773437493,2020-11-02T00:00:00Z
2245,1604880000,2020-11-09,14440602976.304695,13328.182246093751,12582.63978515625,1446.071406250001,1215.0491406250003,2020-11-09T00:00:00Z
2252,1605484800,2020-11-16,13291780048.512667,14235.92822265625,13428.07625,907.745976562499,845.4364648437495,2020-11-16T00:00:00Z
2259,1606089600,2020-11-23,18045640312.61222,15796.02328125,15171.225371093751,1560.0950585937499,1743.149121093751,2020-11-23T00:00:00Z
2266,1606694400,2020-11-30,19990860538.879623,16494.3935546875,15217.55892578125,698.3702734375001,46.33355468749869,2020-11-30T00:00:00Z
2273,1607299200,2020-12-07,11104565303.515472,16022.2138671875,15638.2869140625,-472.1796875,420.7279882812509,2020-12-07T00:00:00Z
2280,1607904000,2020-12-14,9249545153.532629,15922.3017578125,15683.04982421875,-99.912109375,44.762910156248836,2020-12-14T00:00:00Z
2287,1608508800,2020-12-21,18738332117.155075,19763.3977734375,18146.936328125,3841.0960156250003,2463.886503906251,2020-12-21T00:00:00Z
2294,1609113600,2020-12-28,20069850688.662086,22460.6923828125,21351.8634375,2697.2946093749997,3204.9271093749994,2020-12-28T00:00:00Z
2301,1609718400,2021-01-04,33120950757.927586,26970.310117187502,23181.990234375,4509.617734375002,1830.1267968749999,2021-01-04T00:00:00Z
2308,1610323200,2021-01-11,50704553586.110725,31213.07734375,25049.265625,4242.767226562497,1867.275390625,2021-01-11T00:00:00Z
2315,1610928000,2021-01-18,20497326372.081715,30999.9609375,28885.2816015625,-213.11640624999927,3836.0159765624994,2021-01-18T00:00:00Z
2322,1611532800,2021-01-25,24663422843.820026,28703.9350390625,26410.81265625,-2296.0258984374996,-2474.4689453124993,2021-01-25T00:00:00Z
2329,1612137600,2021-02-01,25439722708.561657,28673.9072265625,26710.5927734375,-30.027812500000437,299.78011718749985,2021-02-01T00:00:00Z
2336,1612742400,2021-02-08,42094188324.433495,38642.931640625,31636.291015625,9969.0244140625,4925.6982421875,2021-02-08T00:00:00Z
2343,1613347200,2021-02-15,31762512919.41064,40429.07671875,38155.263671875,1786.1450781250023,6518.97265625,2021-02-15T00:00:00Z
2350,1613952000,2021-02-22,37837645435.90421,47482.2028125,39709.066640624995,7053.126093749997,1553.8029687499948,2021-02-22T00:00:00Z
2357,1614556800,2021-03-01,22363948354.07935,41359.84375,37301.140078125,-6122.3590625,-2407.926562499997,2021-03-01T00:00:00Z
2364,1615161600,2021-03-08,20503669451.135166,44154.5390625,41610.04296875,2794.6953125,4308.902890625002,2021-03-08T00:00:00Z
2371,1615766400,2021-03-15,27845294057.715862,50550.568359375,46218.590937500005,6396.029296875,4608.547968750005,2021-03-15T00:00:00Z
2378,1616371200,2021-03-22,23684554435.711956,49102.08984375,45348.96484375,-1448.478515625,-869.6260937500047,2021-03-22T00:00:00Z
2385,1616976000,2021-03-29,24482952513.15154,49519.2265625,46726.138671875,417.13671875,1377.173828125,2021-03-29T00:00:00Z
2392,1617580800,2021-04-05,25685887118.08268,50443.772890625,48808.37890625,924.5463281249977,2082.240234375,2021-04-05T00:00:00Z
2399,1618185600,2021-04-12,21752087443.106064,51524.98953125,50008.1796875,1081.2166406250035,1199.80078125,2021-04-12T00:00:00Z
2406,1618790400,2021-04-19,27133182835.286034,48035.910390624995,45309.43171875,-3489.0791406250064,-4698.747968750002,2021-04-19T00:00:00Z
2413,1619395200,2021-04-26,24125194029.064213,44981.264531249995,40438.721562499995,-3054.6458593749994,-4870.710156250003,2021-04-26T00:00:00Z
2420,1620000000,2021-05-03,21441303399.822018,49006.97265625,46993.214765625,4025.7081250000047,6554.493203125006,2021-05-03T00:00:00Z
2427,1620604800,2021-05-10,29560383491.15623,49003.580859375,44410.841796875,-3.3917968750029104,-2582.3729687500017,2021-05-10T00:00:00Z
2434,1621209600,2021-05-17,30807983273.00914,38424.39546875,34479.65875,-10579.185390624996,-9931.183046874998,2021-05-17T00:00:00Z
2441,1621814400,2021-05-24,27574189523.21067,32729.36328125,28357.319296875,-5695.032187500001,-6122.3394531250015,2021-05-24T00:00:00Z
2448,1622419200,2021-05-31,15945121790.753809,30657.987851562502,28100.347265625,-2071.3754296874977,-256.9720312499994,2021-05-31T00:00:00Z
2455,1623024000,2021-06-07,13813784473.222416,30283.2998046875,27443.26953125,-374.6880468750023,-657.0777343750015,2021-06-07T00:00:00Z
2462,1623628800,2021-06-14,17798001990.461765,33836.697734375004,32014.435664062497,3553.397929687504,4571.166132812497,2021-06-14T00:00:00Z
2469,1624233600,2021-06-21,22165331946.715168,30101.483945312502,26259.3251953125,-3735.2137890625017,-5755.110468749997,2021-06-21T00:00:00Z
2476,1624838400,2021-06-28,14206053405.075127,29539.8033984375,28453.866328124997,-561.6805468750026,2194.5411328124974,2021-06-28T00:00:00Z
2483,1625443200,2021-07-05,11261613639.40279,29741.91984375,27967.99875,202.11644531250204,-485.86757812499854,2021-07-05T00:00:00Z
2490,1626048000,2021-07-12,10250844239.631203,29185.21296875,27575.091914062497,-556.7068750000035,-392.90683593750146,2021-07-12T00:00:00Z
2497,1626652800,2021-07-19,8664689007.893362,27175.051640625003,25940.672890625,-2010.1613281249956,-1634.4190234374983,2021-07-19T00:00:00Z
2504,1627257600,2021-07-26,21610578404.032906,34405.253359375,30059.1005859375,7230.201718749995,4118.427695312501,2021-07-26T00:00:00Z
2511,1627862400,2021-08-02,10777886126.691772,34239.60515625,32808.5623046875,-165.64820312499796,2749.461718749997,2021-08-02T00:00:00Z
2518,1628467200,2021-08-09,16500138306.786415,39831.026484375005,36697.181640625,5591.421328125005,3888.619335937503,2021-08-09T00:00:00Z
2525,1629072000,2021-08-16,13913866872.455164,40894.568359375,39076.103515625,1063.5418749999953,2378.921875,2021-08-16T00:00:00Z
2532,1629676800,2021-08-23,14604948593.102997,43156.608671875,41982.1640625,2262.040312500001,2906.060546875,2021-08-23T00:00:00Z
2539,1630281600,2021-08-30,13498386430.49095,41684.36703125,40001.966796875,-1472.2416406249977,-1980.197265625,2021-08-30T00:00:00Z
2546,1630886400,2021-09-06,16374505958.02778,44591.6471875,43162.2025,2907.2801562499953,3160.2357031249994,2021-09-06T00:00:00Z
2553,1631491200,2021-09-13,17346040409.350685,39781.18421875,37070.99296875,-4810.462968749998,-6091.209531250002,2021-09-13T00:00:00Z
2560,1632096000,2021-09-20,18721777136.996063,40437.5103125,36392.291874999995,656.3260937500017,-678.7010937500017,2021-09-20T00:00:00Z
2567,1632700800,2021-09-27,13244133817.547066,37914.673046875,36101.03390625,-2522.8372656249994,-291.2579687499965,2021-09-27T00:00:00Z
2574,1633305600,2021-10-04,14369103457.622375,42521.081875,40428.704140625,4606.408828125001,4327.670234375,2021-10-04T00:00:00Z
2581,1633910400,2021-10-11,18452372260.614094,50040.933671875,47119.09640625,7519.851796874995,6690.392265625,2021-10-11T00:00:00Z
2588,1634515200,2021-10-18,16384214516.187565,54054.583984375,51710.7171875,4013.6503125000017,4591.62078125,2021-10-18T00:00:00Z
2595,1635120000,2021-10-25,13379891188.74032,54927.086953125,52191.61875,872.5029687499991,480.9015625000029,2021-10-25T00:00:00Z
2602,1635724800,2021-11-01,15582723448.47382,54094.066484375,51668.298828125,-833.0204687500009,-523.3199218750015,2021-11-01T00:00:00Z
2609,1636329600,2021-11-08,17744138431.04949,58476.190312499995,54909.0065625,4382.123828124997,3240.707734374999,2021-11-08T00:00:00Z
2616,1636934400,2021-11-15,13441884220.582945,58011.875625,55894.064140625,-464.31468749999476,985.0575781250009,2021-11-15T00:00:00Z
2623,1637539200,2021-11-22,15583034560.3384,52629.567500000005,49557.888437500005,-5382.308124999996,-6336.1757031249945,2021-11-22T00:00:00Z
2630,1638144000,2021-11-29,14332676067.33328,52269.47890625,50314.136328125,-360.0885937500061,756.2478906249962,2021-11-29T00:00:00Z
2637,1638748800,2021-12-06,16708581221.74785,45153.606015625,41826.078593750004,-7115.872890624996,-8488.057734374997,2021-12-06T00:00:00Z
2644,1639353600,2021-12-13,14253947081.553656,44401.74671875,40605.57625,-751.8592968750017,-1220.5023437500058,2021-12-13T00:00:00Z
2651,1639958400,2021-12-20,13727347254.265295,42084.057890625,40372.990234375,-2317.6888281249994,-232.58601562499825,2021-12-20T00:00:00Z
2658,1640563200,2021-12-27,10734857530.25659,45943.603125,44612.534296875005,3859.5452343750003,4239.544062500005,2021-12-27T00:00:00Z
2665,1641168000,2022-01-03,14630740479.533924,41873.087421874996,40527.643671875005,-4070.5157031250055,-4084.890625,2022-01-03T00:00:00Z
2672,1641772800,2022-01-10,14167888018.84075,37246.800390625,35191.775859375004,-4626.2870312499945,-5335.867812500001,2022-01-10T00:00:00Z
2679,1642377600,2022-01-17,9505052586.99756,37872.750625,36525.40890625,625.9502343749991,1333.6330468749948,2022-01-17T00:00:00Z
2686,1642982400,2022-01-24,18481746782.52563,33049.304296875,29259.306093749998,-4823.446328124999,-7266.102812500001,2022-01-24T00:00:00Z
2693,1643587200,2022-01-31,9232461098.811954,34457.182578125,32903.221875,1407.8782812499994,3643.9157812500052,2022-01-31T00:00:00Z
2700,1644192000,2022-02-07,12516492211.44498,38927.789140625,36415.216328124996,4470.606562499997,3511.994453124993,2022-02-07T00:00:00Z
2707,1644796800,2022-02-14,9210848441.603214,37869.957109375,36666.81890625,-1057.83203125,251.6025781250064,2022-02-14T00:00:00Z
2714,1645401600,2022-02-21,12945452869.30353,34726.357734375,32612.105039062502,-3143.599374999998,-4054.7138671875,2022-02-21T00:00:00Z
2721,1646006400,2022-02-28,15912643876.95698,39181.83203125,33528.396640625,4455.474296875,916.2916015624942,2022-02-28T00:00:00Z
2728,1646611200,2022-03-07,13135166415.008755,36352.625,34310.234453125,-2829.20703125,781.8378125000017,2022-03-07T00:00:00Z
2735,1647216000,2022-03-14,11113221067.19677,36427.649375,34501.211406250004,75.02437500000087,190.97695312500582,2022-03-14T00:00:00Z
2742,1647820800,2022-03-21,11171765008.999096,37614.969296875,36748.33125,1187.3199218750015,2247.119843749999,2022-03-21T00:00:00Z
2749,1648425600,2022-03-28,16541190929.90285,43864.994296875,42515.256953125005,6250.024999999994,5766.925703125002,2022-03-28T00:00:00Z
2756,1649030400,2022-04-04,14806139226.572805,42710.87953125,41213.469140625,-1154.114765624996,-1301.787812500006,2022-04-04T00:00:00Z
2763,1649635200,2022-04-11,15606300201.494434,38963.987421875005,36116.018046875004,-3746.892109374996,-5097.4510937499945,2022-04-11T00:00:00Z
2770,1650240000,2022-04-18,15632279131.6028,38153.969609374995,35810.756484375,-810.0178125000093,-305.2615625000035,2022-04-18T00:00:00Z
2777,1650844800,2022-04-25,16543285712.819666,37867.375859374995,35664.483515625005,-286.59375,-146.27296874999593,2022-04-25T00:00:00Z
2784,1651449600,2022-05-02,15662750578.77721,37215.338671875,36325.316640624995,-652.0371874999983,660.8331249999901,2022-05-02T00:00:00Z
2791,1652054400,2022-05-09,29988249078.14761,33265.5380859375,28575.1378515625,-3949.800585937497,-7750.178789062495,2022-05-09T00:00:00Z
2798,1652659200,2022-05-16,15620965707.22304,30119.351328124998,27980.338007812497,-3146.186757812502,-594.7998437500028,2022-05-16T00:00:00Z
2805,1653264000,2022-05-23,14734273943.748224,28877.9130859375,27075.8872265625,-1241.438242187498,-904.4507812499978,2022-05-23T00:00:00Z
2812,1653868800,2022-05-30,18228976980.049175,29753.4528125,27306.0723046875,875.5397265624997,230.18507812499956,2022-05-30T00:00:00Z
2819,1654473600,2022-06-06,14942920700.249624,29651.28890625,27868.67890625,-102.16390624999985,562.6066015625001,2022-06-06T00:00:00Z
2826,1655078400,2022-06-13,32745863802.44866,25576.986875000002,21181.2353515625,-4074.3020312499975,-6687.443554687499,2022-06-13T00:00:00Z
2833,1655683200,2022-06-20,14647660893.12242,19933.7236328125,18754.610117187498,-5643.263242187502,-2426.625234375002,2022-06-20T00:00:00Z
2840,1656288000,2022-06-27,9907969485.498125,20321.4423828125,19420.6866015625,387.71875,666.0764843750003,2022-06-27T00:00:00Z
2847,1656892800,2022-07-04,10349393328.038336,19450.745625,18265.074296875,-870.6967578125004,-1155.6123046875,2022-07-04T00:00:00Z
2854,1657497600,2022-07-11,12020026613.35726,20565.5978125,19811.8355859375,1114.8521875000006,1546.7612890625023,2022-07-11T00:00:00Z
2861,1658102400,2022-07-18,19698243632.46324,22340.654609375,20567.351328124998,1775.0567968750001,755.5157421874974,2022-07-18T00:00:00Z
2868,1658707200,2022-07-25,17397900256.824696,22224.707109375,20854.127812500003,-115.94750000000204,286.77648437500466,2022-07-25T00:00:00Z
2875,1659312000,2022-08-01,12595210405.142376,22898.439375,22324.802187499998,673.7322656250035,1470.674374999995,2022-08-01T00:00:00Z
2882,1659916800,2022-08-08,14010376192.887125,23765.839453125,22788.247304687502,867.4000781249997,463.44511718750437,2022-08-08T00:00:00Z
2889,1660521600,2022-08-15,17282555342.755226,24562.2319140625,23405.2005859375,796.392460937499,616.9532812499965,2022-08-15T00:00:00Z
2896,1661126400,2022-08-22,15931574787.869795,21571.731484375,20922.918359375,-2990.5004296875013,-2482.2822265625,2022-08-22T00:00:00Z
2903,1661731200,2022-08-29,16301401448.377625,20409.2530078125,19713.161679687502,-1162.4784765625009,-1209.7566796874962,2022-08-29T00:00:00Z
2910,1662336000,2022-09-05,14477741629.068535,20200.767109375,19819.660078125,-208.4858984374987,106.49839843749942,2022-09-05T00:00:00Z
2917,1662940800,2022-09-12,24785442012.233955,22187.65984375,21399.3834765625,1986.8927343750001,1579.723398437498,2022-09-12T00:00:00Z
2924,1663545600,2022-09-19,20028218066.347977,19618.72203125,18368.9832421875,-2568.9378125000003,-3030.400234375,2022-09-19T00:00:00Z
2931,1664150400,2022-09-26,22946891695.23483,19964.2683984375,19383.6435546875,345.54636718750044,1014.6603125000001,2022-09-26T00:00:00Z
2938,1664755200,2022-10-03,15500373493.601364,20016.432578125,19415.673828125,52.16417968750102,32.0302734375,2022-10-03T00:00:00Z
2945,1665360000,2022-10-10,14120034357.53894,20032.74609375,19661.602968749998,16.313515624999127,245.92914062499767,2022-10-10T00:00:00Z
2952,1665964800,2022-10-17,13954175873.90645,20075.87890625,19681.01953125,43.1328125,19.41656250000233,2022-10-17T00:00:00Z
2959,1666569600,2022-10-24,15278119664.78971,19885.108632812502,19447.947148437503,-190.77027343749796,-233.07238281249738,2022-10-24T00:00:00Z
2966,1667174400,2022-10-31,23097856250.61593,20946.03515625,20502.545390625,1060.926523437498,1054.5982421874978,2022-10-31T00:00:00Z
2973,1667779200,2022-11-07,26708526037.095455,21214.97265625,20418.4599609375,268.9375,-84.08542968750044,2022-11-07T00:00:00Z
2980,1668384000,2022-11-14,24045855688.8303,16916.169921875,15373.19171875,-4298.802734375,-5045.2682421875,2022-11-14T00:00:00Z
2987,1668988800,2022-11-21,18266209256.23699,15816.40412109375,15177.46728515625,-1099.7658007812497,-195.7244335937503,2022-11-21T00:00:00Z
2994,1669593600,2022-11-28,13410786131.932816,15877.3509375,15432.4669921875,60.94681640624913,254.99970703124927,2022-11-28T00:00:00Z
3001,1670198400,2022-12-05,10579222406.02624,16460.196953125,16114.566464843749,582.8460156250003,682.0994726562494,2022-12-05T00:00:00Z
3008,1670803200,2022-12-12,9304992721.252686,16342.85896484375,16052.272832031249,-117.33798828124964,-62.29363281249971,2022-12-12T00:00:00Z
3015,1671408000,2022-12-19,8113736290.141145,15866.51572265625,15407.27783203125,-476.34324218750044,-644.994999999999,2022-12-19T00:00:00Z
3022,1672012800,2022-12-26,5586240572.71923,15913.906523437501,15783.11865234375,47.39080078125153,375.8408203125,2022-12-26T00:00:00Z
3029,1672617600,2023-01-02,5665503808.21973,15699.83931640625,15446.04279296875,-214.0672070312503,-337.0758593749997,2023-01-02T00:00:00Z
3036,1673222400,2023-01-09,8676679445.463236,16186.98275390625,15996.1473046875,487.143437499999,550.1045117187496,2023-01-09T00:00:00Z
3043,1673827200,2023-01-16,12367859412.47512,19792.45640625,19100.113203125,3605.4736523437496,3103.965898437502,2023-01-16T00:00:00Z
3050,1674432000,2023-01-23,12196482863.541935,21307.3205078125,20797.2744140625,1514.8641015624999,1697.1612109374983,2023-01-23T00:00:00Z
3057,1675036800,2023-01-30,12536680189.533634,21889.6805859375,20815.3876953125,582.3600781250025,18.11328125,2023-01-30T00:00:00Z
3064,1675641600,2023-02-06,11102882981.190756,21555.7469921875,21074.076953125,-333.93359375,258.6892578125007,2023-02-06T00:00:00Z
3071,1676246400,2023-02-13,11144795607.0876,20503.3684375,19981.056640625,-1052.3785546875006,-1093.0203125000007,2023-02-13T00:00:00Z
3078,1676851200,2023-02-20,13567833043.157375,23455.190703125,22380.663671875,2951.822265625,2399.6070312500015,2023-02-20T00:00:00Z
3085,1677456000,2023-02-27,10679452583.112595,22578.6103515625,21901.5751953125,-876.5803515625012,-479.08847656250146,2023-02-27T00:00:00Z
3092,1678060800,2023-03-06,8119178213.38873,21237.669374999998,20995.2426953125,-1340.9409765625023,-906.3325000000004,2023-03-06T00:00:00Z
3099,1678665600,2023-03-13,13705461898.038095,21858.5535546875,19777.5211328125,620.8841796875022,-1217.721562499999,2023-03-13T00:00:00Z
3106,1679270400,2023-03-20,17681127546.945045,26766.97609375,25288.54265625,4908.4225390625,5511.021523437499,2023-03-20T00:00:00Z
3113,1679875200,2023-03-27,6438423426.56386,26133.867421875002,25105.700429687502,-633.1086718749975,-182.84222656249767,2023-03-27T00:00:00Z
3120,1680480000,2023-04-03,5685787689.70115,26295.7158203125,25483.882734375,161.84839843749796,378.1823046874997,2023-04-03T00:00:00Z
3127,1681084800,2023-04-10,5578319557.81534,26777.480546875,25628.151601562502,481.76472656249825,144.2688671875003,2023-04-10T00:00:00Z
3134,1681689600,2023-04-17,5851320217.296675,27761.933828125002,26976.9948046875,984.4532812500038,1348.8432031249977,2023-04-17T00:00:00Z
3141,1682294400,2023-04-24,5815870199.711065,25322.66375,24599.505976562497,-2439.2700781250023,-2377.4888281250023,2023-04-24T00:00:00Z
3148,1682899200,2023-05-01,6653476439.810215,26814.0546875,25728.4618359375,1491.3909375000003,1128.9558593750044,2023-05-01T00:00:00Z
3155,1683504000,2023-05-08,5128420307.833785,26041.8184375,25342.964960937497,-772.2362500000017,-385.49687500000437,2023-05-08T00:00:00Z
3162,1684108800,2023-05-15,4613820904.970315,25168.54390625,24542.0517578125,-873.2745312499974,-800.9132031249974,2023-05-15T00:00:00Z
3169,1684713600,2023-05-22,3994925500.272855,25148.034453125,24646.495703125,-20.50945312499971,104.44394531250146,2023-05-22T00:00:00Z
3176,1685318400,2023-05-29,6783342709.923475,26410.3919921875,25355.052265625,1262.3575390624974,708.5565624999981,2023-05-29T00:00:00Z
3183,1685923200,2023-06-05,4375548445.649845,25508.794453125,24511.0703125,-901.597539062499,-843.9819531249996,2023-06-05T00:00:00Z
3190,1686528000,2023-06-12,4991892641.1753,24383.70609375,23920.1796875,-1125.0883593750004,-590.890625,2023-06-12T00:00:00Z
3197,1687132800,2023-06-19,4370490046.98447,24629.9819140625,24069.172109375002,246.2758203125013,148.99242187500204,2023-06-19T00:00:00Z
3204,1687737600,2023-06-26,5823954341.4836,28304.418710937498,27650.7666015625,3674.4367968749975,3581.594492187498,2023-06-26T00:00:00Z
3211,1688342400,2023-07-03,4828450823.69832,28503.283203125,27884.899609375,198.86449218750204,234.13300781249927,2023-07-03T00:00:00Z
3218,1688947200,2023-07-10,3602412331.162045,28004.80859375,27435.435078125,-498.474609375,-449.4645312499997,2023-07-10T00:00:00Z
3225,1689552000,2023-07-17,3792426684.84179,27114.055546875003,26639.2568359375,-890.7530468749974,-796.1782421874996,2023-07-17T00:00:00Z
3232,1690156800,2023-07-24,4143699680.96296,27201.655820312502,26445.409296874997,87.60027343749971,-193.84753906250262,2023-07-24T00:00:00Z
3239,1690761600,2023-07-31,3936191446.1738,26786.4921875,26471.132929687497,-415.1636328125023,25.7236328125,2023-07-31T00:00:00Z
3246,1691366400,2023-08-07,3303716949.954835,26803.6441796875,26381.927968750002,17.151992187500582,-89.20496093749534,2023-08-07T00:00:00Z
3253,1691971200,2023-08-14,3349026568.362475,27204.712656249998,26797.899843749998,401.0684765624974,415.97187499999563,2023-08-14T00:00:00Z
3260,1692576000,2023-08-21,4154554603.844945,24263.3329296875,23876.65984375,-2941.379726562496,-2921.239999999998,2023-08-21T00:00:00Z
3267,1693180800,2023-08-28,3201714551.545635,24280.844609375003,24009.5519140625,17.511679687500873,132.89207031250044,2023-08-28T00:00:00Z
3274,1693785600,2023-09-04,4153753900.97788,24219.903554687502,23840.622734375,-60.94105468750058,-168.92917968750044,2023-09-04T00:00:00Z
3281,1694390400,2023-09-11,3685679181.53323,24224.08640625,23573.8740234375,4.182851562498399,-266.7487109374997,2023-09-11T00:00:00Z
3288,1694995200,2023-09-18,3174998333.722185,25344.146171875,24762.99375,1120.0597656249993,1189.1197265625015,2023-09-18T00:00:00Z
3295,1695600000,2023-09-25,3846989958.21926,25006.8973828125,24523.7848828125,-337.24878906249796,-239.20886718750262,2023-09-25T00:00:00Z
3302,1696204800,2023-10-02,4498109523.75401,26864.4726171875,25778.874296875,1857.5752343749991,1255.0894140625023,2023-10-02T00:00:00Z
3309,1696809600,2023-10-09,3746233966.284885,26527.686484375,26022.88578125,-336.7861328125,244.01148437499796,2023-10-09T00:00:00Z
3316,1697414400,2023-10-16,3372888489.274005,27267.197421875,25658.2470703125,739.5109374999993,-364.6387109374991,2023-10-16T00:00:00Z
3323,1698019200,2023-10-23,4932570377.27087,30663.337890625,28140.3460546875,3396.14046875,2482.0989843749994,2023-10-23T00:00:00Z
3330,1698624000,2023-10-30,5283230691.64786,32896.26640625,32147.2778515625,2232.928515624997,4006.931796875,2023-10-30T00:00:00Z
3337,1699228800,2023-11-06,5783320982.443335,32904.24875,32318.3393359375,7.982343750001746,171.06148437500087,2023-11-06T00:00:00Z
3344,1699833600,2023-11-13,5400081630.60611,34911.902812500004,34190.521484375,2007.6540625000052,1872.1821484374996,2023-11-13T00:00:00Z
3351,1700438400,2023-11-20,5921766911.954925,34471.7275,33503.043125,-440.1753125000032,-687.4783593750035,2023-11-20T00:00:00Z
3358,1701043200,2023-11-27,6282011036.213425,34420.091796875,33769.830078125,-51.63570312500087,266.7869531250035,2023-11-27T00:00:00Z
3365,1701648000,2023-12-04,7243140127.561105,38024.59171875,36415.7590625,3604.4999218750017,2645.928984375001,2023-12-04T00:00:00Z
3372,1702252800,2023-12-11,6038067372.118735,40817.6634375,38929.203203125,2793.0717187499977,2513.444140624997,2023-12-11T00:00:00Z
3379,1702857600,2023-12-18,7654290540.61943,38981.309453124995,37525.778437500005,-1836.353984375004,-1403.4247656249936,2023-12-18T00:00:00Z
3386,1703462400,2023-12-25,8546134057.172805,39958.12203125,39000.214296875,976.8125781250055,1474.435859374993,2023-12-25T00:00:00Z
3393,1704067200,2024-01-01,7427985066.87631,39451.332500000004,38171.04234375,-506.7895312499968,-829.1719531249983,2024-01-01T00:00:00Z
3400,1704672000,2024-01-08,8833463665.287985,41910.083984375,39739.833125000005,2458.751484374996,1568.7907812500052,2024-01-08T00:00:00Z
3407,1705276800,2024-01-15,8004130863.598365,39459.638828125,38142.8221875,-2450.4451562500035,-1597.010937500003,2024-01-15T00:00:00Z
3414,1705881600,2024-01-22,4289504975.1949,38323.752421875004,37167.618359375,-1135.8864062499924,-975.2038281249988,2024-01-22T00:00:00Z
3421,1706486400,2024-01-29,7774573965.14478,39747.55078125,38540.306015625,1423.798359374996,1372.6876562499965,2024-01-29T00:00:00Z
3428,1707091200,2024-02-05,6865745999.955925,40206.40375,39269.076796875,458.8529687499977,728.7707812500012,2024-02-05T00:00:00Z
3435,1707696000,2024-02-12,8944048298.892235,45848.827656249996,44126.619140625,5642.423906249998,4857.542343749999,2024-02-12T00:00:00Z
3442,1708300800,2024-02-19,8158167155.565715,48645.730859375,47770.139765625005,2796.9032031250026,3643.5206250000047,2024-02-19T00:00:00Z
3449,1708905600,2024-02-26,7123336617.60994,49295.509765625,47171.1784375,649.7789062500015,-598.9613281250058,2024-02-26T00:00:00Z
3456,1709510400,2024-03-04,12107391888.856556,60738.547578125,56969.0,11443.037812499999,9797.821562500001,2024-03-04T00:00:00Z
3463,1710115200,2024-03-11,16304705552.442116,65234.81640625,61844.78125,4496.268828125001,4875.78125,2024-03-11T00:00:00Z
3470,1710720000,2024-03-18,20543240641.227123,63297.43171875,60234.45234375,-1937.3846875000017,-1610.328906249997,2024-03-18T00:00:00Z
3477,1711324800,2024-03-25,12587175097.11886,64103.908203125,60090.848984375,806.4764843750017,-143.6033593750035,2024-03-25T00:00:00Z
3484,1711929600,2024-04-01,9288538572.73501,66139.47296875,63956.028828124996,2035.564765624993,3865.1798437499965,2024-04-01T00:00:00Z
3491,1712534400,2024-04-08,9789680368.84278,65909.999140625,63658.336328125,-229.47382812498836,-297.6924999999974,2024-04-08T00:00:00Z
3498,1713139200,2024-04-15,23052230284.767475,62386.00234375,58548.8203125,-3523.996796875006,-5109.5160156249985,2024-04-15T00:00:00Z
3505,1713744000,2024-04-22,9620466984.785625,62403.816875000004,60392.73671875,17.81453125000553,1843.9164062499985,2024-04-22T00:00:00Z
3512,1714348800,2024-04-29,8094914082.42869,60031.650703125,58226.351640625,-2372.166171875004,-2166.3850781250003,2024-04-29T00:00:00Z
3519,1714953600,2024-05-06,8503197583.731345,60434.357421875,58359.857656249995,402.7067187499997,133.5060156249965,2024-05-06T00:00:00Z
3526,1715558400,2024-05-13,6406801259.40171,58041.361562499995,56327.240234375,-2392.9958593750052,-2032.6174218749948,2024-05-13T00:00:00Z
3533,1716163200,2024-05-20,8852187105.916315,63479.046875,60674.843046875,5437.685312500005,4347.602812500001,2024-05-20T00:00:00Z
3540,1716768000,2024-05-27,7203035789.24958,64535.33359375,62870.700312500005,1056.2867187500015,2195.8572656250035,2024-05-27T00:00:00Z
3547,1717372800,2024-06-03,7883139038.22461,63855.375078125,62172.547109374995,-679.9585156250032,-698.1532031250099,2024-06-03T00:00:00Z
3554,1717977600,2024-06-10,6278063686.40127,65001.509765625,64163.663671875,1146.1346875000017,1991.1165625000067,2024-06-10T00:00:00Z
3561,1718582400,2024-06-17,6204689956.184515,62612.598515624995,61179.798671875,-2388.9112500000047,-2983.864999999998,2024-06-17T00:00:00Z
3568,1719187200,2024-06-24,5225747924.559275,59771.584218749995,56791.110234374995,-2841.0142968750006,-4388.688437500008,2024-06-24T00:00:00Z
3575,1719792000,2024-07-01,8073080274.492145,59050.953984374995,57333.603515625,-720.6302343749994,542.4932812500047,2024-07-01T00:00:00Z
3582,1720396800,2024-07-08,9492610333.347115,53812.406796875,50864.451953125,-5238.547187499993,-6469.151562500003,2024-07-08T00:00:00Z
3589,1721001600,2024-07-15,10207359571.907635,57957.710468749996,54965.761875,4145.303671874994,4101.309921874999,2024-07-15T00:00:00Z
3596,1721606400,2024-07-22,12227012054.892315,62766.821640625,60832.83203125,4809.1111718750035,5867.0701562500035,2024-07-22T00:00:00Z
3603,1722211200,2024-07-29,8312938248.16825,63737.231953124996,61548.28046875,970.4103124999965,715.4484375000029,2024-07-29T00:00:00Z
3610,1722816000,2024-08-05,14554159824.181286,54772.842656249995,48828.3359375,-8964.389296875,-12719.944531250003,2024-08-05T00:00:00Z
3617,1723420800,2024-08-12,10428007669.066666,56067.9203125,53146.726796874995,1295.0776562500032,4318.390859374995,2024-08-12T00:00:00Z
3624,1724025600,2024-08-19,8045861752.194275,54227.70078125,52732.09765625,-1840.219531249997,-414.62914062499476,2024-08-19T00:00:00Z
3631,1724630400,2024-08-26,8413065741.44996,57802.647109375,56666.928359375,3574.946328124999,3934.8307031250006,2024-08-26T00:00:00Z
3638,1725235200,2024-09-02,11133137447.923235,53561.541015625,51778.95046875,-4241.106093750001,-4887.977890624999,2024-09-02T00:00:00Z
3645,1725840000,2024-09-09,8238842501.580745,51259.0271875,48877.726875,-2302.5138281249965,-2901.223593750001,2024-09-09T00:00:00Z
3652,1726444800,2024-09-16,8171819573.655835,53954.31609375,52302.538125,2695.288906249996,3424.811249999999,2024-09-16T00:00:00Z
3659,1727049600,2024-09-23,9043724734.138985,57646.650390625,56022.329218750005,3692.3342968750003,3719.7910937500055,2024-09-23T00:00:00Z
3666,1727654400,2024-09-30,6620070057.71889,58977.648359375,57518.973828125,1330.9979687500017,1496.6446093749983,2024-09-30T00:00:00Z
3673,1728259200,2024-10-07,6734453290.081325,58060.589140625,56472.044921875,-917.0592187500006,-1046.928906250003,2024-10-07T00:00:00Z
3680,1728864000,2024-10-14,8305877040.07009,59350.9875,56851.93671875,1290.3983593750017,379.8917968750029,2024-10-14T00:00:00Z
3687,1729468800,2024-10-21,8730081774.23912,63841.0728125,62142.566875000004,4490.085312499999,5290.630156250001,2024-10-21T00:00:00Z
3694,1730073600,2024-10-28,7744122741.66224,64010.123046875,62273.472734375,169.05023437499767,130.90585937499418,2024-10-28T00:00:00Z
3701,1730678400,2024-11-04,16034557535.71775,63823.835390625,61862.997187500005,-186.28765625000233,-410.4755468749936,2024-11-04T00:00:00Z
3708,1731283200,2024-11-11,38536398810.21511,79510.91609375,73045.32265625,15687.080703125,11182.325468750001,2024-11-11T00:00:00Z
3715,1731888000,2024-11-18,21995143904.103485,87118.9625,84450.770625,7608.046406249996,11405.447968749999,2024-11-18T00:00:00Z
3722,1732492800,2024-11-25,24673072250.5794,94524.458125,90019.88671875,7405.4956250000105,5569.116093749995,2024-11-25T00:00:00Z
3729,1733097600,2024-12-02,17351362814.736435,92832.27562500001,90277.82468749999,-1692.1824999999953,257.9379687499895,2024-12-02T00:00:00Z
3736,1733702400,2024-12-09,20881563647.53061,95854.40859375,91337.359375,3022.1329687499965,1059.5346875000105,2024-12-09T00:00:00Z
3743,1734307200,2024-12-16,24333359409.990753,101132.1715625,97389.1875,5277.762968750001,6051.828125,2024-12-16T00:00:00Z
3750,1734912000,2024-12-23,20677483635.123123,93084.9403125,89588.7628125,-8047.231250000012,-7800.424687499995,2024-12-23T00:00:00Z
3757,1735516800,2024-12-30,14207087931.678394,91224.30359375,88423.87890625,-1860.63671875,-1164.8839062500047,2024-12-30T00:00:00Z
3764,1736121600,2025-01-06,9958617749.537365,97305.35375000001,94627.93984375,6081.050156250014,6204.060937500006,2025-01-06T00:00:00Z
3771,1736726400,2025-01-13,10194742816.43811,93338.95656250001,89478.98890625,-3966.397187499999,-5148.950937500005,2025-01-13T00:00:00Z
3778,1737331200,2025-01-20,37347089447.89804,104662.68265624999,96848.0028125,11323.726093749981,7369.013906249995,2025-01-20T00:00:00Z
3785,1737936000,2025-01-27,10768259180.02613,99549.70203125,95690.3165625,-5112.9806249999965,-1157.6862499999988,2025-01-27T00:00:00Z
3792,1738540800,2025-02-03,30784895454.72765,98642.815,91579.0896875,-906.887031249993,-4111.226874999993,2025-02-03T00:00:00Z
3799,1739145600,2025-02-10,13449764170.736626,94774.9959375,92343.69359375001,-3867.819062499999,764.6039062500058,2025-02-10T00:00:00Z
3806,1739750400,2025-02-17,7883121014.65939,92923.72265625,91244.89671875001,-1851.2732812500035,-1098.796875,2025-02-17T00:00:00Z
3813,1740355200,2025-02-24,8115066934.062035,92192.10296875,89229.71203125,-731.6196875000023,-2015.1846875000047,2025-02-24T00:00:00Z
3820,1740960000,2025-03-03,28043146624.05386,91185.591875,81479.76484375,-1006.5110937499994,-7749.947187500002,2025-03-03T00:00:00Z
3827,1741564800,2025-03-10,14225858356.204165,78694.80359375,72640.10546875,-12490.788281250003,-8839.659375000003,2025-03-10T00:00:00Z
3834,1742169600,2025-03-17,9802816396.00141,77891.82578125,75499.52734375,-802.9778125000012,2859.421875,2025-03-17T00:00:00Z
3841,1742774400,2025-03-24,5811382469.300045,80792.1746875,78045.8453125,2900.348906250001,2546.317968749994,2025-03-24T00:00:00Z
3848,1743379200,2025-03-31,6820082618.920395,77228.42484374999,75265.03515625,-3563.7498437500035,-2780.810156249994,2025-03-31T00:00:00Z
3855,1743984000,2025-04-07,16525102221.584986,77520.92765625,68831.39749999999,292.5028125000099,-6433.637656250008,2025-04-07T00:00:00Z
3862,1744588800,2025-04-14,12693567134.893644,75659.1715625,73488.50015625,-1861.7560937499948,4657.102656250005,2025-04-14T00:00:00Z
3869,1745193600,2025-04-21,6404583113.99318,75954.58265625,74089.19078125,295.4110937499936,600.6906250000029,2025-04-21T00:00:00Z
3876,1745798400,2025-04-28,7973212158.842965,83995.5809375,82110.14,8040.998281249995,8020.94921875,2025-04-28T00:00:00Z
3883,1746403200,2025-05-05,8037268864.706965,84687.07703125,82831.03125,691.49609375,720.8912500000006,2025-05-05T00:00:00Z
3890,1747008000,2025-05-12,20611080025.16464,94036.65140624999,91372.88,9349.574374999997,8541.848750000005,2025-05-12T00:00:00Z
3897,1747612800,2025-05-19,22292915866.58278,95504.28859375001,91566.065625,1467.6371875000186,193.18562499999825,2025-05-19T00:00:00Z
3904,1748217600,2025-05-26,20887505796.907524,96590.98078125,94660.72828124999,1086.6921874999825,3094.662656249988,2025-05-26T00:00:00Z
3911,1748822400,2025-06-02,16469869672.06455,93209.66265625,91123.24437500001,-3381.3181249999907,-3537.4839062499814,2025-06-02T00:00:00Z
3918,1749427200,2025-06-09,16054761199.177395,95133.1225,92200.18078125,1923.4598437499953,1076.9364062499953,2025-06-09T00:00:00Z
3925,1750032000,2025-06-16,15907309172.95941,93082.42578125,90721.070625,-2050.6967187499977,-1479.1101562500116,2025-06-16T00:00:00Z
3932,1750636800,2025-06-23,28494438052.87883,90589.09234375,86113.2784375,-2493.3334374999977,-4607.792187499988,2025-06-23T00:00:00Z
3939,1751241600,2025-06-30,15151004516.29345,92700.11421875001,91130.86328125,2111.021875000006,5017.584843749995,2025-06-30T00:00:00Z
3946,1751846400,2025-07-07,15596242166.54214,93164.31640625,91736.76890625,464.20218749999185,605.9056249999994,2025-07-07T00:00:00Z
3953,1752451200,2025-07-14,20976542238.553406,103464.5990625,100831.58796875,10300.282656249998,9094.819062499999,2025-07-14T00:00:00Z
3960,1753056000,2025-07-21,24727932764.982754,102492.4871875,99981.20890625,-972.1118750000023,-850.3790624999965,2025-07-21T00:00:00Z
3967,1753660800,2025-07-28,27949222394.02961,102138.515625,101249.31109375,-353.97156249999534,1268.1021875000006,2025-07-28T00:00:00Z
3974,1754265600,2025-08-04,15443025085.39869,100034.42531250001,98555.37921875,-2104.0903124999895,-2693.9318750000093,2025-08-04T00:00:00Z
3981,1754870400,2025-08-11,27797608432.742775,103573.83031250001,100820.78125,3539.404999999999,2265.402031250007,2025-08-11T00:00:00Z
